nome,cargo,empresa,salario_mensal,bonus_2025
Ricardo Almeida Nogueira,Presidente,horizonte,85000,420000
Beatriz Lima,Secretária executiva,horizonte,16000,32000
João Batista,Gerente de TI,horizonte,19000,38000
Fernando Castro,Diretor financeiro,vertice,52000,180000
Juliana Reis,Diretora de obras,vertice,41000,120000
Paulo Mendes,Gerente jurídico,vertice,38000,90000
Camila Duarte,CEO,mare,58000,240000
Rafael Teixeira,Diretor comercial,mare,39500,110000
Larissa Gomes,Gerente de RH,mare,27000,54000
Sônia Barros,Diretora executiva,semear,24000,0
Tiago Ramos,Coordenador de captação,semear,14500,0
